"ciic"|"latitude"|"longitude"|"altitude"|"geometry"|"macci"|"mac"|"lug"|"qen"|"avi"|"cuna"|"maq"|"maqi"|"alatto"|"alattos"|"qasign"|"ceran"|"acto"|"mucoi"|"cuno"|"medvvi"|"vraicci"|"catto"|"ivacattos"|"iva"|"cat"|"cattos"|"maqqi"|"koi"|"tren"|"netta"|"bran"|"drugno"|"vir"|"ver"|"dov"|"branogeni"|"ineqaglas"|"glas"|"covagni"|"bar"|"bari"|"iarni"|"dercmasoc"|"erc"|"neta"|"cari"|"anm"|"trenu"|"cattu"|"brusco"|"colomagni"|"dovalesci"|"giragni"|"viragni"|"coimagni"|"mocoi"|"moco"|"domngen"|"conann"|"cona"|"con"|"casoni"|"maci"|"brocc"|"bir"|"bait"|"cronun"|"erca"|"dommo"|"meddo"|"corbagni"|"corre"|"celi"|"cunas"|"cunagussos"|"dalagni"|"dali"|"dala"|"ttren"|"vergoso"|"dego"|"laddigni"|"laidann"|"corbbi"|"conas"|"glasiconas"|"curci"|"drogno"|"qeni"|"roddos"|"conu"|"brusccos"|"catu"|"brocann"|"gamicunas"|"degos"|"vorgos"|"battigni"|"cati"|"broci"|"gatteglan"|"mocu"|"baidagni"|"ritte"|"cattuvvirr"|"ivageni"|"ivo"|"daimagni"|"gosoctas"|"cunnetas"|"cata"|"catabar"|"moddagn"|"brocagni"|"magl"
1|"53.4855556"|"-9.316944444444443"||"Point"|1|1|1||||||||||||||||||||||||||||||||||||||||||||||||||||||||||||||||||||||||||||||||||||||||||||||||||||||||||||
2|"53.8163889"|"-7.870555555555556"||"Point"||||1|||||||||||||||||||||||||||||||||||||||||||||||||||||||||||||||||||||||||||||||||||||||||||||||||||||||||||
3|"53.7816667"|"-8.805000000000001"||"Point"|||||1|1|||||||||||||||||||||||||||||||||||||||||||||||||||||||||||||||||||||||||||||||||||||||||||||||||||||||||
4|"53.7736111"|"-8.765555555555556"||"Point"|||1||||1|1|||||||||||||||||||||||||||||||||||||||||||||||||||||||||||||||||||||||||||||||||||||||||||||||||||||||
5|"53.8961111"|"-8.665277777777778"||"Point"|||||||1|1|1|1|||||||||||||||||||||||||||||||||||||||||||||||||||||||||||||||||||||||||||||||||||||||||||||||||||||
6|"53.7286111"|"-8.709444444444443"||"Point"|||||||1||||1||||||||||||||||||||||||||||||||||||||||||||||||||||||||||||||||||||||||||||||||||||||||||||||||||||
7|"54.0744444"|"-9.08388888888889"||"Point"|||||1|||||||1|||||||||||||||||||||||||||||||||||||||||||||||||||||||||||||||||||||||||||||||||||||||||||||||||||
8|"53.7463889"|"-9.870000000000001"||"Point"|||||||||||||||||||||||||||||||||||||||||||||||||||||||||||||||||||||||||||||||||||||||||||||||||||||||||||||||
9|"54.2602778"|"-9.330833333333333"||"Point"|||||||1|1|||||1|1|||||||||||||||||||||||||||||||||||||||||||||||||||||||||||||||||||||||||||||||||||||||||||||||||
10|"54.2486111"|"-9.248055555555554"||"Point"|||||||1||||||||||||||||||||||||||||||||||||||||||||||||||||||||||||||||||||||||||||||||||||||||||||||||||||||||
11|"53.84"|"-8.362222222222222"||"Point"|||||||||||||||1||||||||||||||||||||||||||||||||||||||||||||||||||||||||||||||||||||||||||||||||||||||||||||||||
12|"53.8075"|"-8.297777777777778"||"Point"|||||||1|1||||||||1|1||||||||||||||||||||||||||||||||||||||||||||||||||||||||||||||||||||||||||||||||||||||||||||||
13|"53.8075"|"-8.297777777777778"||"Point"|||||||||||||||||||||||||||||||||||||||||||||||||||||||||||||||||||||||||||||||||||||||||||||||||||||||||||||||
14|"52.6316667"|"-6.956388888888889"||"Point"|||||||||||||||||||||||||||||||||||||||||||||||||||||||||||||||||||||||||||||||||||||||||||||||||||||||||||||||
15|"52.8263889"|"-6.573611111111111"||"Point"|||||||||||||||||||||||||||||||||||||||||||||||||||||||||||||||||||||||||||||||||||||||||||||||||||||||||||||||
16|"52.7819444"|"-6.716666666666667"||"Point"|||||||1|1|||||||||||||||||||||||||||||||||||||||||||||||||||||||||||||||||||||||||||||||||||||||||||||||||||||||
17|"52.8480556"|"-6.727222222222222"||"Point"||||||||||||||1|||||||||||||||||||||||||||||||||||||||||||||||||||||||||||||||||||||||||||||||||||||||||||||||||
18|"53.4197222"|"-6.152500000000001"||"Point"|||||||||||||||||||||||||||||||||||||||||||||||||||||||||||||||||||||||||||||||||||||||||||||||||||||||||||||||
19|"53.0311111"|"-6.756388888888889"||"Point"|||||1|||||||||||||1|1|1|1|1|||||||||||||||||||||||||||||||||||||||||||||||||||||||||||||||||||||||||||||||||||||||||
20|"53.0311111"|"-6.756388888888889"||"Point"|||||||1|1|||||||||||||||||||||||||||||||||||||||||||||||||||||||||||||||||||||||||||||||||||||||||||||||||||||||
21|"53.0311111"|"-6.756388888888889"||"Point"|||||||1||||||||||||||||1||||||||||||||||||||||||||||||||||||||||||||||||||||||||||||||||||||||||||||||||||||||||
22|"53.0311111"|"-6.756388888888889"||"Point"|||||||1|1||||||||||||||||1|||||||||||||||||||||||||||||||||||||||||||||||||||||||||||||||||||||||||||||||||||||||
23|"53.0311111"|"-6.756388888888889"||"Point"|||||||1||||||||||||||||||||||||||||||||||||||||||||||||||||||||||||||||||||||||||||||||||||||||||||||||||||||||
24|"53.0311111"|"-6.756388888888889"||"Point"|||||||||||||||||||||||||||||||||||||||||||||||||||||||||||||||||||||||||||||||||||||||||||||||||||||||||||||||
25|"53.0311111"|"-6.756388888888889"||"Point"|||||||||||||||||||||||||||||||||||||||||||||||||||||||||||||||||||||||||||||||||||||||||||||||||||||||||||||||
26|"53.3752778"|"-6.551111111111111"||"Point"|||1||||1|1||||||||||||||||1|1|1|||||||||||||||||||||||||||||||||||||||||||||||||||||||||||||||||||||||||||||||||||||
27|"52.76"|"-7.524444444444445"||"Point"|||||||||||||||||||||||||||||||||||||||||||||||||||||||||||||||||||||||||||||||||||||||||||||||||||||||||||||||
28|"52.6513889"|"-7.150555555555556"||"Point"||1|||||1|||||||1|||||||||||||||||||||||||||||||||||||||||||||||||||||||||||||||||||||||||||||||||||||||||||||||||
29|"52.6177778"|"-7.1722222222222225"||"Point"|||||||||||||||||||||||||||1||||||||||||||||||||||||||||||||||||||||||||||||||||||||||||||||||||||||||||||||||||
30|"52.6177778"|"-7.1722222222222225"||"Point"|||||||||||||||||||||||||||||||||||||||||||||||||||||||||||||||||||||||||||||||||||||||||||||||||||||||||||||||
31|"52.5188889"|"-7.036388888888888"||"Point"|||||||1|1||||||1||||||||||||||1|||||||||||||||||||||||||||||||||||||||||||||||||||||||||||||||||||||||||||||||||||
32|"52.6325"|"-7.066111111111111"||"Point"|||||||1|1|||||||||||||||||||||||||||||||||||||||||||||||||||||||||||||||||||||||||||||||||||||||||||||||||||||||
33|"52.5425"|"-6.958055555555556"||"Point"|||||||||||||||||||||||||||||||||||||||||||||||||||||||||||||||||||||||||||||||||||||||||||||||||||||||||||||||
34|"52.5386111"|"-7.158611111111111"||"Point"|||||||1||||||||||||||||1|1|||||||||||||||||||||||||||||||||||||||||||||||||||||||||||||||||||||||||||||||||||||||
35|"52.5775"|"-7.121388888888888"||"Point"|||||||||||||||||||||||||||||1||||||||||||||||||||||||||||||||||||||||||||||||||||||||||||||||||||||||||||||||||
36|"52.4438889"|"-7.360833333333333"||"Point"|||||||1|1||||||1||||||||||||||||1|||||||||||||||||||||||||||||||||||||||||||||||||||||||||||||||||||||||||||||||||
37|"52.4438889"|"-7.360833333333333"||"Point"|||||||||||||||||||||||||||||||1||||||||||||||||||||||||||||||||||||||||||||||||||||||||||||||||||||||||||||||||
38|"52.4719444"|"-7.231111111111111"||"Point"|||||||1|1||||||||||||||||1|||||||||||||||||||||||||||||||||||||||||||||||||||||||||||||||||||||||||||||||||||||||
39|53845|"-6.476666666666667"||"Point"|||||||||||||||||||||||||||1|||||1|||||||||||||||||||||||||||||||||||||||||||||||||||||||||||||||||||||||||||||||
40|"53.6733333"|"-6.559166666666666"||"Point"|||||1||1|1|||||||||||||||||||||||||1|1|||||||||||||||||||||||||||||||||||||||||||||||||||||||||||||||||||||||||||||
41|"53.7358333"|"-6.96"||"Point"|||1||||1|1||||||1|||||||||||||||||||||1||||||||||||||||||||||||||||||||||||||||||||||||||||||||||||||||||||||||||||
42|"52.2505556"|"-6.720555555555555"||"Point"|||||||||||||||||||||||||||||||||||||||||||||||||||||||||||||||||||||||||||||||||||||||||||||||||||||||||||||||
43|"52.1173"|"-6.6177"||"Point"|||||1|||||||||||||||||||||||||||||||1|1||||||||||||||||||||||||||||||||||||||||||||||||||||||||||||||||||||||||||
44|"52.2152778"|"-6.4275"||"Point"||||||||||||||||||||||||||||||||||||||1|||||||||||||||||||||||||||||||||||||||||||||||||||||||||||||||||||||||||
45|"52.5436111"|"-6.530277777777778"||"Point"|||||||||||||||||||||||||||||||||||||||||||||||||||||||||||||||||||||||||||||||||||||||||||||||||||||||||||||||
46|"52.1613889"|"-6.887777777777777"||"Point"|||||||1||||||||||||||1||1||||||||||||||||1|1|||||||||||||||||||||||||||||||||||||||||||||||||||||||||||||||||||||||
47|"52.9091667"|"-6.063611111111111"||"Point"|||||||||||||||||||||||||||||||||||||||||1|1|||||||||||||||||||||||||||||||||||||||||||||||||||||||||||||||||||||
48|"53.0169444"|"-6.617777777777778"||"Point"|||||||1|1||||||||||||||||1|||||||||||||||||||||||||||||||||||||||||||||||||||||||||||||||||||||||||||||||||||||||
49|"52.9663889"|"-6.624444444444445"||"Point"|||||||1||||||||||||||||||||||||||||||||||||||||||||||||||||||||||||||||||||||||||||||||||||||||||||||||||||||||
50|"53.9469444"|"-6.608888888888888"||"Point"|||||||||||||||||||||||||||||||||||||||||||||||||||||||||||||||||||||||||||||||||||||||||||||||||||||||||||||||
51|"52.9980556"|-6535||"Point"|||||||1|1|||||||||||||||||||||||||||||||||||||||||||||||||||||||||||||||||||||||||||||||||||||||||||||||||||||||
52|"53.0222222"|"-9.063611111111111"||"Point"|||||||||||||||||||||||||||||||||||||||||||||||||||||||||||||||||||||||||||||||||||||||||||||||||||||||||||||||
53|"52.8463"|"-8.9807"||"Point"|||||||||||||||||||||||||||||||||||||||||||||||||||||||||||||||||||||||||||||||||||||||||||||||||||||||||||||||
54|"52.8033333"|"-8.447777777777778"||"Point"|||||||||||||||||||||||||||||||||||||||||||||||||||||||||||||||||||||||||||||||||||||||||||||||||||||||||||||||
55|"51.7330556"|"-9.28361111111111"||"Point"|||||||1|||||||1|||||||||||||||||||||||||||||1||||||||||||||||||||||||||||||||||||||||||||||||||||||||||||||||||||
56|"52.0680556"|"-8.599444444444446"||"Point"|||||||||||||||||||||||||||||||||||||||||||||||||||||||||||||||||||||||||||||||||||||||||||||||||||||||||||||||
57|"52.0811111"|"-8.601944444444444"||"Point"|||||||1|1||||||1|||||||||||1|||||||||||||||||||1|||||||||||||||||||||||||||||||||||||||||||||||||||||||||||||||||||
58|"52.0811111"|"-8.601944444444444"||"Point"|||||||1||||||||||||||1||||||||||||||||||||||||1||||||||||||||||||||||||||||||||||||||||||||||||||||||||||||||||||
59|"52.0102778"|"-8.453333333333333"||"Point"||||||||||||||||||||1|||||||||||||||||||||||||||||||||||||||||||||||||||||||||||||||||||||||||||||||||||||||||||
60|"52.0102778"|"-8.453333333333333"||"Point"|||||||||||||||||||||||||||||||||||||||||||||||||||||||||||||||||||||||||||||||||||||||||||||||||||||||||||||||
61|"52.0086111"|"-8.360555555555555"||"Point"|||||||1||||||||||||||||||||||||||||||||||||||||||||||||||||||||||||||||||||||||||||||||||||||||||||||||||||||||
62|"51.9808333"|"-8.452777777777778"||"Point"|||||||||||||||||||||||||||||||||||||||||||||||||||||||||||||||||||||||||||||||||||||||||||||||||||||||||||||||
63|"51.9694444"|"-8.175555555555555"||"Point"|||||1||1|1|||||||||||||||||||||||1|||||||||||||||1|1|1|||||||||||||||||||||||||||||||||||||||||||||||||||||||||||||||
64|"51.9694444"|"-8.175555555555555"||"Point"|||||||||||||||||||||||||||||||||||||||||||||||||||||||||||||||||||||||||||||||||||||||||||||||||||||||||||||||
65|"52.0052778"|"-8.24611111111111"||"Point"|||||||1|1|||||||||||||||||||||||||||||||||||||||||||||||||||||||||||||||||||||||||||||||||||||||||||||||||||||||
66|"51.7122222"|"-9.935277777777777"||"Point"|||||1||1|1|||||||||||||||||||||||||||||||||||||||||||||||||||||||||||||||||||||||||||||||||||||||||||||||||||||||
67|"51.6288889"|"-9.981666666666667"||"Point"||||||||||||||||||||||||||||||||||||||||||1|||||||||||||||||||||||||||||||||||||||||||||||||||||||||||||||||||||
68|"51.7275"|"-9.711944444444443"||"Point"|||1||||||||||||||||||||||||||||||||||||||||||||||||||||||||||||||||||||||||||||||||||||||||||||||||||||||||||||
69|"51.6788889"|"-8.846944444444444"||"Point"|||||||||||||||||||||||||||||||||||||||||||||||||1||||||||||||||||||||||||||||||||||||||||||||||||||||||||||||||
70|"51.6788889"|"-8.846944444444444"||"Point"||||||1|1|1||||||1|||||||||||||||1|||||||||||||||||||||1|||||||||||||||||||||||||||||||||||||||||||||||||||||||||||||
71|"51.6788889"|"-8.846944444444444"||"Point"|||||||1|1|||||||||||||||||||||||||||||||||||||||||||1|1|1||||||||||||||||||||||||||||||||||||||||||||||||||||||||||
72|"51.7708333"|"-9.088055555555556"||"Point"|||||||||||||||||||||||||||||||||||||||||||||||||||||||||||||||||||||||||||||||||||||||||||||||||||||||||||||||
73|"51.6883333"|"-8.95611111111111"||"Point"||||||||||||||||||||||||||||||||||||||||||||||||||||||1|||||||||||||||||||||||||||||||||||||||||||||||||||||||||
74|"51.6883333"|"-8.95611111111111"||"Point"|||||||||||||||||||||||||||||||||||||||||||||||||||||||1|1|1||||||||||||||||||||||||||||||||||||||||||||||||||||||
75|"51.7594444"|"-9.185833333333333"||"Point"|||||||1||||||||||||||||||||||||||||||||||||1|||||||||||||||1|||||||||||||||||||||||||||||||||||||||||||||||||||||
76|51645|"-8.893055555555556"||"Point"||1|||||||||||||||||||||||||||||||||||||||||1||||||||||||||||1||||||||||||||||||||||||||||||||||||||||||||||||||||
77|"51.5777778"|"-9.0125"||"Point"|||||||||||||||||||||||||||||||||||||||||||||||||||||||||||||||||||||||||||||||||||||||||||||||||||||||||||||||
78|"51.9577778"|"-8.539722222222222"||"Point"|||||||||||||||||||||||||||||||||||||||||||||||||||||||||||||||||||||||||||||||||||||||||||||||||||||||||||||||
79|"51.9772222"|"-8.075555555555555"||"Point"|||||||||||||||||||||||||||||||||||||||||||||||||||||||||||||||||||||||||||||||||||||||||||||||||||||||||||||||
80|"51.9772222"|"-8.075555555555555"||"Point"|||||||||||||||||||||||||||||||||||||||||||||||||||||||||||||||||||||||||||||||||||||||||||||||||||||||||||||||
81|"51.8163889"|"-8.761666666666667"||"Point"|||||||1|1||||||1|||||||||||||||||||||||||||||||||||||||||||||||||||||||||||||||||||||||||||||||||||||||||||||||||
82|"52.0269444"|"-8.071111111111112"||"Point"|||||||1||||||||||||||||||||||||||||||||||||||||||||||||||||||||||||||||||||||||||||||||||||||||||||||||||||||||
83|"52.0269444"|"-8.071111111111112"||"Point"||1||||||||||||||||||||||||||||||||||||||||||||||||||||||||||1|||||||||||||||||||||||||||||||||||||||||||||||||||
84|"52.0269444"|"-8.071111111111112"||"Point"|||||||1|1|||||||||||||||||||||||||||||||||||||||||||||||||||||||||||||||||||||||||||||||||||||||||||||||||||||||
85|"52.0269444"|"-8.071111111111112"||"Point"|||||||1|1|||||||||||||||||||||||||||||||||||||||||||||||||||||||||||||||||||||||||||||||||||||||||||||||||||||||
86|"52.0269444"|"-8.071111111111112"||"Point"|||||||1|1|||||||||||||||||||||||||||||||||||||||||||||||||||||||||||||||||||||||||||||||||||||||||||||||||||||||
87|"52.0269444"|"-8.071111111111112"||"Point"|||||||1|1|||||||||||||||||||||||||||||||||||||||||||||||||||||||||||||||||||||||||||||||||||||||||||||||||||||||
88|"52.0269444"|"-8.071111111111112"||"Point"|||||||1|1|||||||||||||||||||1||||||||||||||||||||||||||||||||||||||||||||||||||||||||||||||||||||||||||||||||||||
89|"52.0269444"|"-8.071111111111112"||"Point"|||||||1|1|||||||||||||||||||||||||||||||||||||||||||||||||||||1||||||||||||||||||||||||||||||||||||||||||||||||||
90|"52.0269444"|"-8.071111111111112"||"Point"||1||||||||||||||||||||||||||||||||||||||||||||||||||||||||||||1|1||||||||||||||||||||||||||||||||||||||||||||||||
91|"52.0269444"|"-8.071111111111112"||"Point"|||||||||||||||||||||||||||||||||||||||||||||||||||||||||||||||||||||||||||||||||||||||||||||||||||||||||||||||
92|"52.0269444"|"-8.071111111111112"||"Point"|||||||1|1|||||||||||||||||||||||||||||||||||||||||||||||||||||||||||||||||||||||||||||||||||||||||||||||||||||||
93|"52.0269444"|"-8.071111111111112"||"Point"||||||||||||||||||||||||||||||||||||||||1||||||||||||||||||||||||1|||||||||||||||||||||||||||||||||||||||||||||||
94|"52.0269444"|"-8.071111111111112"||"Point"||1|||||||||||||||||||||||||||||||||||||||||||||||||||||||||1||||||1||||||||||||||||||||||||||||||||||||||||||||||
95|"52.0269444"|"-8.071111111111112"||"Point"||||||||||||||||||||||||||||||||||||||||||||||||||||||||||||||||||1|||||||||||||||||||||||||||||||||||||||||||||
96|"52.0269444"|"-8.071111111111112"||"Point"|||||||||||||||||||||||||||||||||||||||||||||||||||||||||||||||||||||||||||||||||||||||||||||||||||||||||||||||
97|"51.8386111"|"-8.608333333333333"||"Point"|||||||1|1|||||||||||||||||||||||||||||||||||||||||||||||||||||||||||||||||||||||||||||||||||||||||||||||||||||||
98|"51.8386111"|"-8.608333333333333"||"Point"|||||||||||||||||||||||||||||||||||||||||||||||||||||||||||||||||||1||||||||||||||||||||||||||||||||||||||||||||
99|"51.8386111"|"-8.608333333333333"||"Point"|||||||||||||||||||||1||||||||||||||||||||||||||||||||||||||||||||||||||||||||||||||||||||||||||||||||||||||||||
100|"51.8386111"|"-8.608333333333333"||"Point"|||||||||||||||||||||||||||||||||||||||||||||||||||||||||||||||||||||||||||||||||||||||||||||||||||||||||||||||
101|"51.8386111"|"-8.608333333333333"||"Point"|||||||1|1|||||||||||||||||||||||||||||||||||||||||||||||||||||||||||||||||||||||||||||||||||||||||||||||||||||||
102|"51.8386111"|"-8.608333333333333"||"Point"|||||||||||||||||||||||||||||||||||||||||||||||||||||||||||||||||||||||||||||||||||||||||||||||||||||||||||||||
103|"52.0158333"|"-8.818333333333333"||"Point"|||||||||||||||||||||||||||||||||||||||||||||||||||||||||||||||||||||||||||||||||||||||||||||||||||||||||||||||
104|"51.9558333"|"-8.823888888888888"||"Point"|||||||1||||||||||||||||||||||||||||||||||||1|||||||||||||||||||||||||1|||||||||||||||||||||||||||||||||||||||||||
105|"51.9558333"|"-8.823888888888888"||"Point"||||||1|||||||||||||||||||||||||||||||||||1||1||||||||||||||||||||||||||1|1|||||||||||||||||||||||||||||||||||||||||
106|"51.9408333"|"-8.887777777777778"||"Point"|||||||1|1|||||||||||||||||||||||||||||||||||||||||||||||||||||1||||||||||||||||||||||||||||||||||||||||||||||||||
107|"51.9911111"|"-8.866111111111111"||"Point"||||||1|||||||||||||||||||||||||||||||||||||||||||||||||||||||||||||||||1||||||||||||||||||||||||||||||||||||||||
108|"51.9875"|"-8.81"||"Point"|||1||||1|1|||||||||||||||||||||||||||||||||||||||||||||||||||||||||||||||||||||||||||||||||||||||||||||||||||||||
109|"51.9855556"|"-8.789444444444444"||"Point"||||||||||||||||||||||||||1|||||||||||||||||||||||||||||||||||||||||||1||||||||||||||||||||||||||||||||||||||||||
110|"51.9575"|"-8.83888888888889"||"Point"|||||||||||||||||||||||||||||||||||||||||||||||||||||||||||||||||||||||||||||||||||||||||||||||||||||||||||||||
111|"51.9575"|"-8.83888888888889"||"Point"|||||||1|||||||1|||||||||||||||||||||||||||||||||||||||||||||||||||||||||||||||||||||||||||||||||||||||||||||||||
112|"51.8680556"|"-8.794722222222221"||"Point"|||1||||1||||||||||||||||||||||||||||||||||||||||||||||||||||||||||||||||||||||||||||||||||||||||||||||||||||||||
113|"51.8680556"|"-8.794722222222221"||"Point"|||1||||1|1|||||||||||||||||||||||||||||||||||||||||||||||||||||||||||||||||||||||||||||||||||||||||||||||||||||||
114|"51.8680556"|"-8.794722222222221"||"Point"|||||||1|||||||||||||||||||||||||||||||||1|||||||||||||||||||||||||||||||||||||||||||||||||||||||||||||||||||||||
115|"51.8680556"|"-8.794722222222221"||"Point"|||||||1|1|||||||||||||||||||||||||||||||||||||||||||||||||||||||||||||||||||||||||||||||||||||||||||||||||||||||
116|"51.8680556"|"-8.794722222222221"||"Point"|||||||1||||||||||||||||1||||1||||||||||||||||||||||||||||||||||||||||||||||||||||||||||||||||||||||||||||||||||||
117|"51.8680556"|"-8.794722222222221"||"Point"|||||||||||||||||||||||||||||||||||||||||||||||||||||||||||||||||||||||||||||||||||||||||||||||||||||||||||||||
118|"51.9744444"|"-8.779444444444445"||"Point"||||||||||||||1|||||||||||||||||||||||||||||||||||||||||||||||||||||||||||||||||||||||||||||||||||||||||||||||||
119|"51.9744444"|"-8.779444444444445"||"Point"|||||||1|1||||||||||||||||||||||||||||||||||||||||||||||||||||||||||||||||1|1|1|||||||||||||||||||||||||||||||||||||
120|"51.9744444"|"-8.779444444444445"||"Point"|||1|||||||||||||||||||||1|1||||||||||||||||1||||||||||||||||||||||||||||||||||1||||||||||||||||||||||||||||||||||||
121|"51.9744444"|"-8.779444444444445"||"Point"||1||||||||||||||||||||||||||||1|||||||||||||||||||||||||||||1|||||||||||||||||1|||||||||||||||||||||||||||||||||||
122|"51.9708333"|"-8.829444444444444"||"Point"|||||||1|1|||||||||||||||||||||||||||||||||||||||||||||||||||||||||||||||||||||1||||||||||||||||||||||||||||||||||
123|"51.9708333"|"-8.829444444444444"||"Point"|||||||1|1|||||||||||||||||||||||||||||||||||||||||||||||||||||||||||||1||||||||||||||||||||||||||||||||||||||||||
124|"51.8866667"|"-8.784166666666666"||"Point"|||||1||||||||||||||||||||||||||||||||||||||||||||||||||||||||||||||||||||||||||||||||||||||||||||||||||||||||||
125|"51.8866667"|"-8.784166666666666"||"Point"|||||||1|1||||||||||||||||||||||||||||||||1|||||||||||||||||||||||||||||||||||||||||||||||||||||||||||||||||||||||
126|"51.8866667"|"-8.784166666666666"||"Point"||||||1|1|1||||||1|||||||||||||||||||||||||||||||||||||||||||||||1||||||||||||||||||||||||||||||||||||||||||||||||||
127|"51.9463889"|"-8.757222222222222"||"Point"||1|||||1|1|||||||||||||||||||||||||||||||||||||||||||||||||||||||||||||||||||||||||||||||||||||||||||||||||||||||
128|"52.0075"|"-8.909166666666668"||"Point"|||||||1|1|||||||||||||||||||||||1||||||||||||||||||||||||||||||||||||||1||||||||||||||||||||||||||||||||||||||||||
129|"51.5086111"|"-9.02638888888889"||"Point"|||||||1|1|||||||||||||||||||||||||||||||||||||||||||||||||||||||||||||||||||||||||||||||||||||||||||||||||||||||
130|"52.0666667"|"-8.928055555555554"||"Point"|||||||||||||||||||||||||||||||||||||||||||||||||||||||||||||||||||||||||||||||||||||||||||||||||||||||||||||||
131|"51.8494444"|-9115||"Point"|||||||1|1|||||||||||||||||||||||||||||||||||||||||||||||||||||1||||||||||||||||||||||||||||||||||||||||||||||||||
132|"51.8494444"|-9115||"Point"|||||||||||||||||||||||||||||||||||||||||||||||||||||||||||||||||||||||||||||||||||||||||||||||||||||||||||||||
133|"51.8494444"|-9115||"Point"|||||||||||||||||||||||||||||||||||||||||||||||||||||||||||||||||||||||||||||||||||||||||||||||||||||||||||||||
134|"51.8283333"|"-9.228055555555555"||"Point"||||||||||||||||||||||||||||||||||||||||||||||||||||||||1|1||||||||||||||||||||||||||||||||||||||||||||||||||||||
135|"51.9261111"|"-9.08388888888889"||"Point"|||||||1|1|||||||||||||||||||||||||||||||||||||||||||||||||||||||||||||||||||||||||||||||||||||||||||||||||||||||
136|"52.3288889"|"-9.772777777777778"||"Point"|||||||||||||||||||||||||||||||||||||||||||||||||||||||||||||||||||||||||||||||||||||||||||||||||||||||||||||||
137|"52.3627778"|"-9.724166666666667"||"Point"||1|||||||||||||||||||||||||||||||||||||||||1||||||||||||||||1||||||||||||||||||||||||||||||||||||||||||||||||||||
138|"52.1294444"|"-10.17611111111111"||"Point"|||||||1||||||||||||||||1|||||||||||||||||||||||||||||||||||||||||||||||||||||||1|||||||||||||||||||||||||||||||||
139|"52.1294444"|"-10.17611111111111"||"Point"||1|||||1|1|||||||||||||||||||||||||||||||||||||||||||||||||||||||||||||||||||||||1||||||||||||||||||||||||||||||||
140|"52.1294444"|"-10.17611111111111"||"Point"|||1||||1|1|||||||||||||||||||||||||||||||||||||||||||||||||||||||||||||||||||||||||||||||||||||||||||||||||||||||
141|"52.1330556"|"-10.138055555555555"||"Point"|||||||1|1|||||||||||||||||||||||||||||||||||||||||||||||||||||||||||||||||||||||||||||||||||||||||||||||||||||||
142|"52.1330556"|"-10.138055555555555"||"Point"|||||1||||||||||||||||||||||||||||||||||||||||||||||||||||||||||||||||1||||||||||||||||||||||||||||||||||||||||||
143|"52.1591667"|"-10.063055555555556"||"Point"|||||||1||||||||||||||||||||||||||||||||||||||||||||||||||||||||||||||||||||||||||||||||||||||||||||||||||||||||
144|"52.1430556"|"-10.049166666666666"||"Point"|||||||||||||||||||||||||||||||||||||||||||||||||||||||||||||||||||||||||||||||||||||||||||||||||||||||||||||||
145|"52.2675"|"-10.236944444444443"||"Point"|||||||1||||||||||||||||||||||||||||||||||||||||||||||||||||||||||||||||||||||||||||||||||||||||||||||||||||||||
146|"52.1666667"|"-10.382222222222223"||"Point"|||1||||||||||||||||||||||||||||||||||||||||||||||||||||||||||||||||||||||||||||||||||||||||||||||||||||||||||||
147|"52.1405556"|"-10.2075"||"Point"|||||||1|1|||||||||||||||||||||||||||||||||||||||||||||||||1||||||||||||||||||||||||||||||||||||||||||||||||||||||
148|"52.1761111"|"-10.386111111111111"||"Point"|||||||1||||||||||||||||1||||||||||||||||||||||||||||||||||||||||||||||||||||||||||||||||||||||||||||||||||||||||
149|"52.1761111"|"-10.386111111111111"||"Point"|||||||1||||||||||||||||1||||||||||||||||||||||||||||||||||||||||||||||||||||||||||||||||||||||||||||||||||||||||
150|"52.1761111"|"-10.386111111111111"||"Point"|||||1||1|1||||||1|||||||||||||||||1||||||||||||||||||||||||||||||||||||||||||||||||||||||||||||||||||||||||||||||||
151|"52.1761111"|"-10.386111111111111"||"Point"|||||||||||||||||||||||||||||||||||||||||||||||||||||||||||||||||||||||||||||||||||||||||||||||||||||||||||||||
152|"52.1761111"|"-10.386111111111111"||"Point"|||||||1||||||||||||||||1||||||||||||||||||||||||||||||||||||||||||||||||||||||||||||||||||||||||||||||||||||||||
153|"52.1761111"|"-10.386111111111111"||"Point"|||||||1||||||||||||||1||1||||||||||||||||||||||||||||||||||||||||||||||||||||||||||||||||||||||||||||||||||||||||
154|"52.1761111"|"-10.386111111111111"||"Point"||||||1|1||||||||||||||||1||||||||1|||||||||||||||||||||||||||||||||||||||||||||||||1|||||||||||||||||||||||||||||||
155|"52.1725"|"-10.031111111111112"||"Point"|||||||||||||||||||||||||||||||||||||||||||||||||||||||||||||||||||||||||||||||||||||||||||||||||||||||||||||||
156|"52.1725"|"-10.031111111111112"||"Point"|||||||1||||||||||||||||1|1|||||||1||||||||||||||||||||||||||||||||||||||||||||||||||||||||||||||||||||||||||||||||
157|"52.1725"|"-10.031111111111112"||"Point"|||||||1||||||||||||||1||1||||||||1||||||||||||||||||||||||||||||||||||||||||||||||||||||||||||||||||||||||||||||||
158|"52.1725"|"-10.031111111111112"||"Point"|||||||1||||||||||||||||1||||||||||||||||||||||||||||||||||||||||||||||||||||||||||||||||||||||||||||||||||||||||
159|"52.1725"|"-10.031111111111112"||"Point"|||||||1|1||||||||||||||||||||||||||1||||||||||||||||||||||1|1||||||||||||||||||||||||1|1|||||||||||||||||||||||||||||
160|"52.1725"|"-10.031111111111112"||"Point"|||||||1||||||||||||||||||||||||||||||||||||||||||||||||||||||||||||||||||||||||||||1||||||||||||||||||||||||||||
161|"52.1725"|"-10.031111111111112"||"Point"|||||||||||||||||||||||||||||||||||||||||||||||||||||||||||||||||||||||||||||||||||||||||||||||||||||||||||||||
162|"52.1725"|"-10.031111111111112"||"Point"|||||1|1|1||||||||||||||||1|||||||||||||||||||||||||||||||||||||||||||||||||||||||||1|||||||||||||||||||||||||||||||
163|"52.1725"|"-10.031111111111112"||"Point"|||||||1|||||||1|||||||||1|1||1|||||1||||||||||||||||||||||||||||||||||||||||||||||||||||||||||||||||||||||||||||||||
164|"52.1552778"|"-10.03138888888889"||"Point"||||||1||||||||||||||||||||||||||||||||||||||||||||||||||||||||||||||||1|||||||||||||||||||||||||||||||||||||||||
165|"52.1552778"|"-10.03138888888889"||"Point"||||||||||||||||||||||||||||||||||||||||||||||||||||||||||||||||||||||||||||||||||||1|||||||||||||||||||||||||||
166|"52.1869444"|"-10.159444444444444"||"Point"|||||||1|1|||||||||||||||||||||||||||||||||||||||||||1||||||||||||||||||||||||||||||||||||||||||||||||||||||||||||
167|"52.1658333"|"-10.0375"||"Point"|||||||1|||||||||||||||||||||||||||||||||||||||||||||||||||||||||||||||||||||||||||||1|||||||||||||||||||||||||||
168|"52.1658333"|"-10.0375"||"Point"|||||||||||||||||||||||||||||||||||||||||||||||||||||||||||||||||||||||||||||||||||||||||||||||||||||||||||||||
169|"52.1605556"|"-10.323333333333332"||"Point"|||||||1|1||||||||||||||||||||||||||||||||1||||||||||||||||||||||||1|||||||||||||||||||||||||||||||||||||||||||||||
170|"52.1513889"|"-10.3275"||"Point"||||1|||1|1|||||||||||||||||||||||||||||||||||||||||||||||||||||||||||||||||||||||||||||1||||||||||||||||||||||||||
171|"52.1875"|"-10.029722222222222"||"Point"|||||||1|1||||||||||||||||||||||||||||||||||||||||||||||||||||||||||||||||||||||||||||||1|||||||||||||||||||||||||
172|"52.1558333"|"-10.400833333333333"||"Point"|||||||1|1|||||||||||||||||||||||||||||||||||||||||||||||||||||||||||||||||||||||||||||||||||||||||||||||||||||||
173|"52.1469444"|"-10.036388888888888"||"Point"|||||||1||||||||||||||||||||||||||||||||||||||||||||||||||||||||||||||||||||||||||||||||||||||||||||||||||||||||
174|"52.1869444"|"-10.159444444444444"||"Point"|||||||||||||||||||||||||||||||||||||||||||||||||||||||||||||||||||||||||||||||||||||||||||||||||||||||||||||||
175|"52.1258333"|"-10.306944444444445"||"Point"|||||||1|||||||1|||||||||1||||||||1|||||||||1|||||||||||||||||||||||||||||||||||||||||||||||||||||||||||||||||||||||
176|52215|"-9.910277777777779"||"Point"|||||||||||||||||||||||||||||||||||||||||||||||||||||||||1||||||||||||||||||||||||||||||1||||||||||||||||||||||||
177|52215|"-9.910277777777779"||"Point"|||||||||||||||||||||||||||||||||||||||||||||||||||||||||||||||||||||||||||||||||||||||||||||||||||||||||||||||
178|"52.1119444"|"-10.458333333333332"||"Point"|||||||1|1|||||||||||||||||||||||1|||||||||1|||||||||||||||||||||||||||||||||||||||||||||||||||||||||||||||||||||||
179|"52.14"|"-10.270000000000001"||"Point"|||||||||||||||||||||||||||||||||||||||||||||||||||||||||||||||||||||||||||||||||||||||||||||||||||||||||||||||
180|"52.1330556"|"-10.228055555555555"||"Point"|||||||1|||||||1|||||||||1|||||||||||||||||||||||||||||||||||||||||||||||||||||||||||||||||1|||||||||||||||||||||||
181|"52.1352778"|"-10.270555555555557"||"Point"|||||||1||||||||||||||||||||||||||||||||||||||||||||||||||||||||||||||||||||||||||||||||||||||||||||||||||||||||
182|"52.1869444"|"-10.159444444444444"||"Point"|||||||||||||||||||||||||||||||||||||||||||||||||||||||||||||||||||||||||||||||||||||||||||||||||||||||||||||||
183|"52.1033333"|"-10.437222222222223"||"Point"|||||||||||||||||||||||||||||||||||||||||||||||||||||||||||||||||||||||||||||||||||||||||||||||||||||||||||||||
184|"52.1408333"|"-10.126666666666667"||"Point"|||||||1||||||||||||||1||1||||||||||||||||||||||||||||||||||||||||||||||||||||||||||||||||||1||||||||||||||||||||||
185|"52.0444444"|"-10.607777777777777"||"Point"|||||1||1||||||||||||||||||||||||||||||||||||||||||||||||||||||||||||||||||||||||||||||||||||||||||||||||||||||||
186|"52.1533333"|"-10.300555555555556"||"Point"|||||||||||||||||||||||||||||||||||||||||||||||||||||||||||||||||||||||||||||||||||||||||||||||||||||||||||||||
187|"52.1883333"|"-10.333055555555555"||"Point"||1|||||||||||||||||||||||||||||||||||||||||1||||||||||||||||1||1|||||||||||||||||||||||||||||1|||||||||||||||||||||
188|"52.1205556"|"-10.194444444444445"||"Point"|||||||||||||||||||||||||||||||||||||||||||||||||||||||||||||||||||||||||||||||||||||||||||||||||||||||||||||||
189|"52.1205556"|"-10.194444444444445"||"Point"|||||1||||||||||||||||||||||||||||||||||||||||||||||||||||||||||||||||||||||||||||||||||||||||||||||||||||||||||
190|"52.1358333"|"-10.124722222222223"||"Point"|||||||||||||||||||||||||||||||||||||||||||||||||||||||||||||||||||||||||||||||||||||||||||||||||||||||||||||||
191|"52.1358333"|"-10.124722222222223"||"Point"||||||1||||||||||||||||||||||||||||||||||||||||||||||||||||||||||||||||1|||||||||||||||||||||1||||||||||||||||||||
192|"52.2519444"|"-10.023333333333333"||"Point"||||1|||1|1|||||||||||||||||||||||||||||||||||||||||||||||||||||||||||||||||||||||||||||1||||||||||||||||||||||||||
193|"52.1447222"|"-10.359444444444444"||"Point"|||||||||||||||||||||||||||||||||||||||||||1||||||||||||||||||||||||||||||||||||||||||||||||||||||||||||||||||||
194|"52.1677778"|"-10.024444444444445"||"Point"|||||||1|1|||||||||||||||||||||||||||||||||||||||||||||||||||||||||||||||||||||||||||||||||||||||||||||||||||||||
"194A"|"52.1677778"|"-10.024444444444445"||"Point"|||||||1|1||||||1|||||||||||||||||||||||||||||||||||||||||||||||||||||||||||||||||||||1||||||||||||||||||||||||||||
195|"52.1725"|"-9.990555555555554"||"Point"|||||1||1|1||||||||||||||||||||||||||||||||1||||||||||||||||||||||||1|||||||||||||||||||||||||||||||||||||||||||||||
196|"52.1725"|"-9.990555555555554"||"Point"|||||||1|1||||||||||||||||||||||||||||||||||||||||||||1|1||||||||||||||||||||||||1|||||||||||||||1|||||||||||||||||||
197|"52.0611111"|"-9.642777777777777"||"Point"|||||||1|1||||||1|||||||||||||||||||||||||||||||||||||||||||||||||||||||||||||||||||||||||||||||||||||||||||||||||
198|"52.0611111"|"-9.642777777777777"||"Point"||||||1|||||||||||||||||||||||||||||||||||||||||||||||||||||||||||||||||||||||||||||||||||||||||||||||||||||||||
199|"52.0611111"|"-9.642777777777777"||"Point"|||||||1|1||||||1|||||||||||||||||||||||||||||||||||||||||||||||||||||||||||||||||||||||||||||||1||||||||||||||||||
200|"52.0611111"|"-9.642777777777777"||"Point"|||||||||||||||||||||||||||||||||||||||||||||||||||||||||||||||||||||||||||||||||||||||||||||||||||||||||||||||
201|"52.0611111"|"-9.642777777777777"||"Point"|||||||1|1|||||||||||||||||||||||||||||||||||||||||||||||||||||||||||||||||||||||||||||||||||||||||||||||||||||||
202|"52.0611111"|"-9.642777777777777"||"Point"|||||||1|1|||||||||||||||||||||||||||||||||||||||||||||||||||||||||||||||||||||||||||||||||||||||||||||||||||||||
203|"52.0611111"|"-9.642777777777777"||"Point"|||||||1|1|||||||||||||||||||||||||||||||||||1||||||||||||||||||||||||||||||||||||||||||||||||||||||||||||||||||||
204|"52.2086111"|"-9.621666666666668"||"Point"||||||||||||||||||||||||||||||||||||||||1|||||||||||||||||||||||||||||||||||||||||||||||||||||||||||||||||||||||
205|"51.9744444"|"-9.665000000000001"||"Point"|||||||1|1|||||||||||||||||||||1||||||||||||||1||||||||||||||||||||||||||||||||||||||||||||||||||||||||||||||||||||
206|"52.0719444"|"-9.747222222222222"||"Point"|||||||1|1|||||||||||||||||||||||||||||||||||||||||||||||||||||||||||||||||||||||||||||||||||||||||||||||||||||||
207|"52.0719444"|"-9.747222222222222"||"Point"|||||||||||||||||||||||||||||||||||||||||||||||||||||||||||||||||||||||||||||||||||||||||||||||||||||||||||||||
208|"52.0719444"|"-9.747222222222222"||"Point"|||||||1|1|||||||||||||||||||||||||||||||||||||||||||||||||||||||||||||||||||||||||||||||||||||||||||||||||||||||
209|"52.0719444"|"-9.747222222222222"||"Point"|||||||||||||||||||||||||||||||||||||||||||||||||||||||||||||||||||||||||||||||||||||||||||||||||||||||||||||||
210|"52.0719444"|"-9.747222222222222"||"Point"|||||||1|1|||||||||||||||||||||||||||||||||||||||||||||||||||||||||||||||||||||||||||||||||||||||||||||||||||||||
211|"52.0719444"|"-9.747222222222222"||"Point"|||||||||||||||||||||||||||||||||||||||||||||||||||||||||||||||||||||||||||||||||||||||||||||||||||||||||||||||
212|"52.0719444"|"-9.747222222222222"||"Point"|||||||||||||||||||||||||||||||||||||||||||||||||||||||||||||||||||||||||||||||||||||||||||||||||||||||||||||||
213|"52.0719444"|"-9.747222222222222"||"Point"|||||||||||||||||||||||||||||||||||||||||||||||||||||||||||||||||||||||||||||||||||||||||||||||||||||||||||||||
214|"52.0680556"|"-9.71888888888889"||"Point"|||||||||1||||||||||||||||||||||||||||||||||||||||||||||||||||||||||||1|||||||||||||||||||||||||1|||||||||||||||||
215|"52.0805556"|"-9.703055555555554"||"Point"|||||||||||||||||||||||||||||||||||||||||||||||||||||||||||||||||||||||||||||||||||||||||||||||||||||||||||||||
216|"52.0805556"|"-9.703055555555554"||"Point"|||||||1|1||||||1|||||||1||||||||||||||||||||||||||||||||||||||||||||||||||||||||||||||||||||||||||1||||||||||||||||
217|"52.0805556"|"-9.703055555555554"||"Point"|||||||||||||||||||||||||||||||||||||||||||||||||||||||||||||||||||||||||||||||||||||||||||||||||||||||||||||||
218|"52.0805556"|"-9.703055555555554"||"Point"|||||||1||||||||||||||||||||||||||||||||||||1||||||||||||||||||||||||||||||||||||||||||||||||||||||||||||||||||||
"218A"|"52.0805556"|"-9.703055555555554"||"Point"|||||||1||||||||||||||||||||||||||||||||||||1||||||||||||||||||||||||||||||||||||||||||||||||||||||||||||||||||||
219|"51.91"|"-9.746666666666666"||"Point"|||1||||1|1|||||||||||||1||||||||1||||||||||||||||||||||||||||||||||||||||||||||||||||||||||||||||||||||||||||||||||
220|"51.7730556"|"-10.122222222222224"||"Point"|||||||||||||||||||||||||||||||||||||||||||||||||||||||||||||||||||||||||||||||||||||||||||||||||||||||||||||||
221|"51.8811111"|"-9.786666666666667"||"Point"|||||||||||||||||||||||||||||||||||||||||||1||||||||||||||||||||||||||||||||||||||||||||||||||||||||||||||||||||
222|"51.8586111"|-9875||"Point"|||||||1|1|||||||||||||||||||||||||||||||||||||||||||||||||||||||||||||||||||||||||||||||||||||||||||||||||||||||
223|"51.8586111"|-9875||"Point"|||||||1|1|||||||||||||||||||||||||||||||||||||||||||||||||||||||||||||||||||||||||||||||||||||||||||||||||||||||
224|"51.8852778"|"-9.525833333333335"||"Point"|||||||||||||||||||||||||||||||||||||||||||||||||||||||||||||||||||||||||||||||||||||||||||||||||||||||||||||||
225|"51.8475"|"-9.551666666666668"||"Point"|||||||1|1|||||||||||||||||||||||||||||||||||||||||||||||||||||||||||||||||||||||||||||||||||||||||||||||||||||||
226|"51.8394444"|"-9.389166666666666"||"Point"|||||||1|1||||||||||||||||||||||||||||||||||||||||||||||||||||||||||||||||||||||||||||||||||||||||1|||||||||||||||
227|"51.8833333"|"-9.413611111111111"||"Point"|||||||1||||||||||||||||||||||||||||||||||||1||||||||||||||||||||||||||||||||||||||||||||||||||||||||||||||||||||
228|"52.5666667"|"-9.421388888888888"||"Point"|||||1||1|1||||||||||||||||||||||||||||||||||||||||||||||||||||||||||||||||1||1|||||||||||||||||||||||||||||||||||||
229|"51.9211111"|"-10.166666666666666"||"Point"|||||||1|1|||||||||||||||||||||||||||||||||||||||||||||||||||||||||||||||||||||||||||||||||||||||||||||||||||||||
230|"51.8941667"|"-10.176944444444445"||"Point"|||||||1|1|||||||||||||||||||||||||||||||||||||||||||||||||||||||||||||||||||||||||||||||||||||||||||||||||||||||
231|"51.9122222"|"-10.365555555555556"||"Point"|||||||1||||||||||||||||||||||||||||||||||||||||||||||||||||||||||||||||||||||||||||||||||||||||||||||||||||||||
232|"51.9122222"|"-10.365555555555556"||"Point"|||||||1|1|||||||||||||||||||||||||||||||||||||||||||||||||||||||||||||||||||||||||||||||||||||||||||||||||||||||
233|"51.8480556"|"-10.11361111111111"||"Point"||1|||||||||||||||||||||||||||||||||||||||||1||||||||||||||||1||||||||||||||||||||||||||||||||||||||||||||||||||||
234|"52.0311111"|"-10.029166666666667"||"Point"|||||||||||||||||||||||||||||||||||||||||||||||||||||||||||||||||||||||||||||||||||||||||||||||||||||||||||||||
235|"51.9133333"|"-10.175833333333333"||"Point"|||||||||||||||||||||||||||||||||||||||||||||||||||||||||||||||||||||||||||||||||||||||||||||||||||||||||||||||
236|"51.8433333"|"-10.301944444444445"||"Point"|||||||||||||||||||||||||||||||||||||||||||||||||||||||||||||||||||||||||||||||||||||||||||||||||||||||||||||||
237|"51.8433333"|"-10.301944444444445"||"Point"|||||||||||||||||||||||||||||||||||||||||||1||||||||||||||||||||||||||||||||||||||||||||||||||||||1||||||||||||||
238|"51.9233333"|"-10.220833333333333"||"Point"|||||||1|1||||||||||||||||||||||||||||||||||||||||||||||||||||||||||||||||||||||||||||||||||||||||||1|||||||||||||
239|"52.0136111"|"-10.025277777777779"||"Point"|||||||1|1|||||||||||||||||||||||||||||||||||||||||||||||||1|||||||||||||||||1|||||||||||||||||||||||||1||||||||||||
240|"51.9708333"|"-10.05888888888889"||"Point"|||||||||||||||||||||||||||||||||||||||||||||||||||||||||||||||||||||||||||||||||||||||||||||||||||||||||||||||
241|"52.0861111"|"-9.67361111111111"||"Point"|||||||1|1|||||||||||||||||||||||||||||||||||||||||||||1|||||||||||||||||||||||||||||||||||||||||||||||1|||||||||||
242|"52.0777778"|"-9.558333333333334"||"Point"|||||||1|1||||||||||||||||||||||||||||||||||||||||||||1|1|||||||||||||||||||||||||||1|||||||||||||||||||||||||||||||
"242A"|"52.0777778"|"-9.558333333333334"||"Point"|||||||||||||||||||||||||||||||||||||||||||||||||||||||||||||||||||||||||||||||||||||||||||||||||||||||||||||||
243|"52.1288889"|"-9.631666666666668"||"Point"|||||||1|1|||||||||||||||||||||||||||||||||||||||||||||||||||||||||||1||||||||||||||||||||||||||||||||||||||||||||
244|"52.1288889"|"-9.631666666666668"||"Point"|||||||||||||||||||||||||||||||||||||||||||||||||||||||||||||||||||||||||||||||||||||||||||||||||||||||||||||||
245|"52.1288889"|"-9.631666666666668"||"Point"|||||||||||||||||||||||||1||||||||||||||||||||||||||||||||||||||||||||||||||||||||||||||||||||||||||||||||||||||
246|"52.1288889"|"-9.631666666666668"||"Point"|||||||||||||||||||||||||||||||||||||||||||||||||||||||||||||||||||||||||||||||||||||||||||||||||||||||||||||||
"246A"|"52.1655556"|"-9.73361111111111"||"Point"|||||||1|1||||||1|||||||1||||||||1||||||||||||||||1||||||||||||||||||||||||||||||||||||||||||||||||||||||||1||||||||||
"246B"|"52.1655556"|"-9.73361111111111"||"Point"|||1||||||||||||||||||||||||||||||||||||||||||||||||||||||||||||||||||||||||||||||||||||||||||||||||||||||||||||
247|"52.147778"|"-9.662778"||"Point"|||||||1|1|||||||||||||||||||1|||||||1||||||||||||||||||||||1|1||||||||||||||||||||||||1|1|||||||||||||||||||||||||||||
248|"52.1425"|"-9.43888888888889"||"Point"|||||||||||||||||||||||||||||||||||||||||||||||||||||||||||||||||||||||||||||||||||||||||||||||||||||||||||||||
249|"52.1619444"|"-9.687777777777779"||"Point"|||||||1|1|||||||||||||||||||||||||||||||||||||||||||||||||||||||||||||||||||||||||||||||||||||||||||||||||||||||
250|"52.1658333"|"-9.771944444444445"||"Point"|||||||1||||||||||||||||||||||||||||||||||||1||||||||||||||||||||||||||||||||||||||||||||||||||||||||||||||||||||
251|"52.1916667"|"-9.5325"||"Point"|||||||||||||||||||||||||||||||||||||||||||1||||||||||||||||||||||||||||||||||||||||||||||||||||||||||||||||||||
252|"52.2266667"|"-9.581944444444444"||"Point"|||||||1|1|||||||||||||||||||||||||||||||||||||||||||||||||||||||||||||||||||||||||||||||||||||||||||||||||||||||
253|"52.2336111"|"-9.540833333333333"||"Point"|||||||1|1|||||||||||||||||||||||||||||||||||||||||||||||||||||||||||||||||||||||||||||||||||||||||||||||||||||||
254|"52.2336111"|"-9.540833333333333"||"Point"|||||||1|1||||||||||||1||||||||||||||||||||||||||||||||||||||||||||||||||||||||||||||||||||||||||||||||||1|||||||||
255|"52.1247222"|"-9.7575"||"Point"|||||||||||||||||||||||||||||||||||||||||||||||||||||||||||||||||||||||||||||||||||||||||||||||||||||||||||||||
256|"52.1247222"|"-9.7575"||"Point"||||||1|1|1|||||||||||||||||||||||||||||||||1|||||||||||||||1|1|||||||||||||1|||||||||||||||||||||||||||||||||||||||||
"256A"|"52.2680556"|"-9.710277777777778"||"Point"|||||||1|1||||||||||||||||||||||||||||||||1||||||||||||||||||||||||1|||||||||||||||||||||||||||||||||||||||||||||||
257|"52.4575"|"-8.823888888888888"||"Point"|||1||||1|1|||||||||||||||||||||||||||||||||1||||||||||||||||||||||||||||||||||||||||||||||||||||||||||||||||||||||
258|"52.3819444"|"-8.377222222222223"||"Point"|||||||1|1|||||||||||||||||||||||||||||||||||||||||||||||||||||||||||||||||||||||||||||||||||||||||||||||||||||||
259|"52.3286111"|"-8.562777777777779"||"Point"|||||||||||||||||||||||||||||||||||||||||||||||||||||||||||||||||||||||||||||||||||||||||||||||||||||||||||||||
260|"52.2758333"|"-8.105277777777777"||"Point"|||1||||1|1||||||1||||||||||||||||||||||||||||||||||||||||||1|1||||||||||||||||||||||||||||||||||||||||||||||||||||||
261|"52.2216667"|"-7.758055555555556"||"Point"||1|1|||||||||||1|||||||||||||||||||||||||||||||||||||||||||||1||||||||||||||||||||||||||||||||||||||||||||||||||||
262|"52.1994444"|"-7.998888888888889"||"Point"|||||||||||||||||||||1||||||||1||||||||||||||||1||||||||||||||||||||||||||||||||||||||||||||||||||||||||||||||||||
263|"51.9441667"|"-7.729166666666667"||"Point"|||||||1|1||||||1|||||||||||||||||||||||||||||||||||||||||||||||||||||||||||||||||||||||||||||||||||||||||1||||||||
264|"51.9441667"|"-7.729166666666667"||"Point"|||||1||1|||||||||||||||||||||||||||||||||||||||||||||||||1|1||||||||||||||||||||||||||||||||||||||||||||||||||||||
265|"51.9441667"|"-7.729166666666667"||"Point"|||||||1|1|||||||||||||||||||||||||||||||||1||||||||||||||||||||||||||||||||||||||||||||||||||||||||||||||||||||||
266|"52.0644444"|"-7.848888888888888"||"Point"||1||||||||||||||||||||||||||||||||||||||||||||||||||1|1||||||||||||||||||||||||||||||||||||||||||||||||||||||||||
267|"52.0644444"|"-7.848888888888888"||"Point"|||||||1|1||||||1|||||||||||||||||||||||||||||||||||||||||||||||||||||||||||||||||||||||||||||||||||||||||||||||||
268|"52.0644444"|"-7.848888888888888"||"Point"|||||||1|1|||||||||||||||||||||||||||||||||||||||||||||||||||||||||||||||||||||||||||||||||||||||||||||||||||||||
269|"51.9883333"|"-7.755833333333333"||"Point"|||||1|1|1|1|||||||||||||||||||||||||||||||||||||||||||||||||||||||||||||1||||||||||||||||||||||||||||||||||||||||||
270|"52.1333333"|"-7.439166666666667"||"Point"|||||||1|1|||||||||||||||||||||||||||||||||||||||||||||||||||||||||||||||||||||||||||||||||||||||||||||||||||||||
271|"52.1333333"|"-7.439166666666667"||"Point"|||||||1|1||||||1|||||||||||||||||||||||||||||||||||||||||||||||1||||||||||||||||||||||||||||||||||||||||||||||||||
272|"52.1630556"|"-7.468055555555556"||"Point"|||||||1|1|||||||||||||||||||||||||||||||||||||||||||||||||||||||||||||||||||||||||||||||||||||||||||||||||||||||
273|"52.1630556"|"-7.468055555555556"||"Point"|||||||||||||||||||||||||||||||||||||||||||||||||||||||||||||||||||||||||||||||||||||||||||||||||||||||||||||||
274|"52.1630556"|"-7.468055555555556"||"Point"|||||||||||||||||||||||||||||||||||||||||||||||||||||||||||||||||||||||||||||||||||||||||||||||||||||||||||||||
275|"52.1630556"|"-7.468055555555556"||"Point"|||||||1|1|||||||||||||||||||||||||||||||||||||||||||||||||||||||||||||||||||||||||||||||||||||||||||||||||||||||
276|"52.1630556"|"-7.468055555555556"||"Point"|||||1|||||||||||||||||||||||||||||||||||||||||||||||||||||||||||||||||||||||||||||||||||||||||||||||||||1|||||||
277|"52.1630556"|"-7.468055555555556"||"Point"||1||||||||||||1|||||||||||||||||||||||||||||||||||||||||||||||||||||||||||||||||||||||||||||||||||||||||||1||||||
278|"52.1630556"|"-7.468055555555556"||"Point"|||||||||||||||||||||||||||||||||||||||||||||||||||||||||||||||||||||||||||||||||||||||||||||||||||||||||||||||
279|"52.1630556"|"-7.468055555555556"||"Point"||||||||||||||1|||||||||||||||||||||||||||||||||||||||||||||||||||||||||||||||||||||||||||||||||||||||||1||||||||
280|"52.1630556"|"-7.468055555555556"||"Point"|||1||||1|1|||||||||||||||||||||||||||||||||||||||||||||||||||||||||||||||||||||||||||||||||||||||||||||||||||||||
281|"52.1630556"|"-7.468055555555556"||"Point"|||||||1|1|||||||||||||||||||||||||||||||||||||||||||||||||||||||||||||||||||||||||||||||||||||||||||||||||||||||
282|"52.1552778"|-7495||"Point"|||||1||1|1|||||||||||||||||||1||||||||||||||||||||||||||||||||||||||||||||||||||||||||||||||||||||||||||||||||||||
283|"52.1913889"|"-7.483333333333333"||"Point"||||||||||||||1|||||||||||||||||||||||||||||||||||||||||||||||||||||||||||||||||||||||||||||||||||||||||||||||||
284|"52.1913889"|"-7.483333333333333"||"Point"|||||||1|1|||||||||||||||||||||||||||||||||||||||||||||||||||||||||||||||||||||||||||||||||||||||||||||||||||||||
285|"52.1102778"|"-7.544722222222222"||"Point"|||||||||||||||||||||||||||||||||||||||||||||||||||||||||||||||||||||||||||||||||||||||||||||||||||||||||||||||
286|"52.0905556"|"-7.549722222222222"||"Point"|||||||||||||||||||||||||||||||||||||||||1||||||||||||||||||||||||||||||||||||||||||||||||||||||||||||||||||||||
287|"52.0905556"|"-7.549722222222222"||"Point"|||||||||||||||||||||||||||||||||||||||||||||||||||||||||||||||||||||||||||||||||||||||||||||||||||||||||||||||
288|"52.0905556"|"-7.549722222222222"||"Point"|||||||||||||||||||||||||||||||||||||||||||||||||||||||||||||||||||||||||||||||||||||||||||||||||||||||||||||||
289|"52.0905556"|"-7.549722222222222"||"Point"|||||||||||||||||||||||||||||||||||||||||||||||||||||||||||||||||||||||||||||||||||||||||||||||||||||||||||||||
290|"52.0905556"|"-7.549722222222222"||"Point"|||||||1|1|||||||||||||||||||||||||||||||||||||||||||||||||||||||||||||||||||||||||||||||||||||||||||||||||||||||
291|"52.1025"|"-7.804444444444444"||"Point"|||||||||||||||||||||||||||||||||||||||||||||||||||||||||||||||||||||||||||||||||||||||||||||||||||||||||||||||
292|"52.1113889"|"-7.6"||"Point"||||||||||||||||||||||||||||||||||||1||||||||||||||||1|1||||||||||||||||||||||||||||||||||||||||||||||||||||||||||
293|"52.1113889"|"-7.6"||"Point"|||||||1|1|||||||||||||||||||||||||||||||||||||||||||||||||||||||||||||||||||||||||||||||||||||||||||||||||||||||
294|"52.1113889"|"-7.6"||"Point"|||||||1|1|||||||||||||||||||||||||||||||||1|||||||||||||||||||||||||||||||||||||||||||||||||||||||||||||||||1|||||
295|"52.1113889"|"-7.6"||"Point"|||||||||||||||||||||||||||||||||||||||||||||||||||||||||||||||||||||||||||||||||||||||||||||||||||||||||||||||
296|"52.1113889"|"-7.6"||"Point"|||||||1|1||||||1|||||||||||||||||||||||||||||||||||||||||||||||||||||||||||||||||||||||||||||||||||||||||||||||||
297|"52.1113889"|"-7.6"||"Point"|||||||||||||||||||||1||||||||1|||||||1|||||||||||||||||1||||||||||||||||||||||||||||||||||||||||||||||||||||||1|1|||
298|"52.1113889"|"-7.6"||"Point"|||||||1|1|||||||||||||||||||||||||||||||||||||||||||||||||||||||||||||||||||||||||||||||||||||||||||||||||||||||
299|"52.1113889"|"-7.6"||"Point"|||||||||||||||||||||||||||||||||||||||||||||||||||||||||||||||||||||||||||||||||||||||||||||||||||||||||||||||
300|"52.1608333"|"-7.59"||"Point"|||1||||1|1||||||||||||||||||||||||||||||||||||||||||||1|1||||||||||||||||||||||||||||||||||||||||||||||||||||||||||
301|"52.2672222"|"-7.746944444444445"||"Point"|||1||||1|1||||||1|||||||||||||||||||||||||||||||||||||||||||||||||||||||||||||||||||||||||||||||||||||||||||||||1||
302|52185|"-7.226666666666667"||"Point"|||||||||||||||||||||||||||||||||||||||||||||||||||||||||||||||||||||||||||||||||||||||||||||||||||||||||||||||
303|"52.3111111"|"-7.385000000000001"||"Point"|||||||1|1||||||1|||||||||||||||||||||||||||||||||||||||||||||||||||||||||||||||||||||||||||||||||||||||||||||||||
304|"52.3305556"|"-7.391111111111112"||"Point"|||||||1|1||||||||||||||||||||||||||||1|||||||||||||||||||||||||||||||||||||||||||||||||||||||||||||||||||||||||||
305|"52.3241667"|"-7.379166666666666"||"Point"|||||||1|1|||||||||||||||||||||||||||||||||||||||||||||||||||||||||||||||||||||||||||||||||||||||||||||||||||||||
306|"52.3263889"|"-7.511666666666667"||"Point"||||||||||||||||||||||||||||||||||||1|||||||||||||||||||||||||||||||||||||||||||||||||||||||||||||||||||||||||||
307|"52.3419444"|"-7.487777777777778"||"Point"|||||||||||||||||||||||||||||||||||||||||||||||||||||||||||||||||||||||||||||||||||||||||||||||||||||||||||||||
308|"52.3419444"|"-7.487777777777778"||"Point"|||||||||||||||||||||||||||||||||||||||||||||||||||||||||||||||||||||||||||||||||||||||||||||||||||||||||||||||
309|"54.8030556"|"-6.183333333333334"||"Point"||||||||||||||||||||||||||1|||||||||||||||||||||||||||||||||||||||||||||||||||||||||||||||||||||||||||||||||||||
310|"54.8030556"|"-6.183333333333334"||"Point"|||||||1|1||||||||||||||||||||||||||||||||||||||||||||||||||||||||||||||||||||||||||||||||||||||||||||||||||||||1|
311|"54.3072222"|"-6.655277777777778"||"Point"|||||||1|1|||||||||||||||||||||||||||||||||||||||||||||||||||||||||||||||||||||||||||||||||||||||||||||||||||||||1
312|53805|"-6.954444444444444"||"Point"|||||||||||||||||||||||||||||||||||||||||||||||||||||||||||||||||||||||||||||||||||||||||||||||||||||||||||||||
313|"53.7944444"|"-7.209444444444444"||"Point"|||||||||||||||||||||||||||||||||||||||||||||||||||||||||||||||||||||||||||||||||||||||||||||||||||||||||||||||
314|"54.6086111"|"-7.871111111111111"||"Point"|||||||||||||||||||||||||||||||||||||||||||||||||||||||||||||||||||||||||||||||||||||||||||||||||||||||||||||||
315|"54.3622222"|"-7.5175"||"Point"|||||||||||||||||||||||||||||||||||||||||||||||||||||||||||||||||||||||||||||||||||||||||||||||||||||||||||||||
316|"55.1166667"|"-6.7444444444444445"||"Point"|||||||||||||||||||||||||||||||||||||||||||||||||||||||||||||||||||||||||||||||||||||||||||||||||||||||||||||||
317|"54.6994444"|"-7.047777777777777"||"Point"|||||||||||||||||||||||||||||||||||||||||||||||||||||||||||||||||||||||||||||||||||||||||||||||||||||||||||||||
